DataHora,Satelite,Pais,Estado,Municipio,Bioma,DiaSemChuva,Precipitacao,RiscoFogo,FRP,Latitude,Longitude
2025/10/20 18:17:00,AQUA_M-T,Brasil,MARANHÃO,SÍTIO NOVO,Cerrado,4.0,2.0,0.41,32.3,-6.13076,-46.47622
2025/10/20 18:17:00,AQUA_M-T,Brasil,MARANHÃO,PORTO FRANCO,Cerrado,4.0,0.0,1.0,13.6,-6.23143,-47.08597
2025/10/20 18:17:00,AQUA_M-T,Brasil,MARANHÃO,JENIPAPO DOS VIEIRAS,Cerrado,10.0,0.05,0.9,12.8,-5.35048,-45.7285
2025/10/20 18:17:00,AQUA_M-T,Brasil,MARANHÃO,SÍTIO NOVO,Cerrado,4.0,0.1,0.69,13.5,-6.48012,-46.473
2025/10/20 18:17:00,AQUA_M-T,Brasil,MARANHÃO,CAMPESTRE DO MARANHÃO,Cerrado,3.0,0.7,1.0,6.0,-6.16119,-47.30231
2025/10/20 18:17:00,AQUA_M-T,Brasil,MARANHÃO,AMARANTE DO MARANHÃO,Cerrado,2.0,2.43,0.34,12.9,-5.39207,-46.6717
2025/10/20 18:17:00,AQUA_M-T,Brasil,MARANHÃO,FORMOSA DA SERRA NEGRA,Cerrado,0.0,0.12,0.56,11.7,-6.37089,-46.36671
2025/10/20 18:17:00,AQUA_M-T,Brasil,MARANHÃO,FERNANDO FALCÃO,Cerrado,2.0,1.44,0.15,17.4,-6.07489,-45.30696
2025/10/20 18:17:00,AQUA_M-T,Brasil,MARANHÃO,ESTREITO,Cerrado,0.0,0.57,0.91,11.7,-6.5727,-47.33568
2025/10/20 18:17:00,AQUA_M-T,Brasil,MARANHÃO,SÍTIO NOVO,Cerrado,6.0,0.1,0.73,11.4,-6.51006,-46.60689
2025/10/20 18:17:00,AQUA_M-T,Brasil,MARANHÃO,AÇAILÂNDIA,Amazônia,13.0,0.8,0.99,15.9,-4.52509,-46.91853
2025/10/20 18:17:00,AQUA_M-T,Brasil,MARANHÃO,FERNANDO FALCÃO,Cerrado,2.0,2.07,0.46,44.3,-6.11764,-45.3771
2025/10/20 18:17:00,AQUA_M-T,Brasil,MARANHÃO,BURITICUPU,Amazônia,67.0,0.9,1.0,19.9,-4.15556,-46.43913
2025/10/20 18:17:00,AQUA_M-T,Brasil,MARANHÃO,LAGO DA PEDRA,Cerrado,4.0,0.0,0.95,14.5,-4.83475,-45.29658
2025/10/20 18:17:00,AQUA_M-T,Brasil,MARANHÃO,AÇAILÂNDIA,Amazônia,8.0,0.0,1.0,13.7,-4.94281,-47.55739
2025/10/20 18:17:00,AQUA_M-T,Brasil,MARANHÃO,FORMOSA DA SERRA NEGRA,Cerrado,4.0,0.1,0.49,33.0,-6.47853,-46.46252
2025/10/20 18:17:00,AQUA_M-T,Brasil,MARANHÃO,SANTA LUZIA,Amazônia,9.0,0.1,1.0,16.4,-4.07828,-45.86002
2025/10/20 18:17:00,AQUA_M-T,Brasil,MARANHÃO,LAGOA GRANDE DO MARANHÃO,Cerrado,6.0,0.3,1.0,16.8,-5.03298,-45.38689
2025/10/20 18:17:00,AQUA_M-T,Brasil,MARANHÃO,LAGO DA PEDRA,Cerrado,6.0,0.0,1.0,21.5,-4.79024,-45.29008
2025/10/20 18:17:00,AQUA_M-T,Brasil,MARANHÃO,AMARANTE DO MARANHÃO,Cerrado,6.0,0.05,1.0,8.0,-5.2496,-46.82302
2025/10/20 18:17:00,AQUA_M-T,Brasil,MARANHÃO,CIDELÂNDIA,Amazônia,5.0,0.37,0.77,10.0,-5.03928,-47.76665
2025/10/20 18:17:00,AQUA_M-T,Brasil,MARANHÃO,FORMOSA DA SERRA NEGRA,Cerrado,1.0,0.55,0.8,8.1,-6.58005,-46.46314
2025/10/20 18:17:00,AQUA_M-T,Brasil,MARANHÃO,ITINGA DO MARANHÃO,Amazônia,8.0,2.7,1.0,58.8,-4.5858,-47.32602
2025/10/20 18:17:00,AQUA_M-T,Brasil,MARANHÃO,JENIPAPO DOS VIEIRAS,Cerrado,9.0,0.1,1.0,16.9,-5.31886,-45.65875
2025/10/20 18:17:00,AQUA_M-T,Brasil,MARANHÃO,CAROLINA,Cerrado,4.0,13.75,0.04,30.3,-7.49548,-47.32625
2025/10/20 18:17:00,AQUA_M-T,Brasil,MARANHÃO,DAVINÓPOLIS,Cerrado,3.0,0.0,0.69,25.8,-5.60742,-47.30477
2025/10/20 18:17:00,AQUA_M-T,Brasil,MARANHÃO,PORTO FRANCO,Cerrado,0.0,0.16,0.61,24.4,-6.54173,-47.19325
2025/10/20 18:17:00,AQUA_M-T,Brasil,MARANHÃO,LAGOA GRANDE DO MARANHÃO,Cerrado,8.0,0.12,1.0,19.5,-4.90692,-45.45216
2025/10/20 18:17:00,AQUA_M-T,Brasil,MARANHÃO,BARRA DO CORDA,Cerrado,7.0,0.0,1.0,20.5,-5.16484,-44.88141
2025/10/20 18:17:00,AQUA_M-T,Brasil,MARANHÃO,FORMOSA DA SERRA NEGRA,Cerrado,0.0,0.49,0.36,10.2,-6.47374,-46.36605
2025/10/20 18:17:00,AQUA_M-T,Brasil,MARANHÃO,SÃO JOÃO DO PARAÍSO,Cerrado,0.0,0.1,0.98,13.8,-6.55905,-47.12144
2025/10/20 18:17:00,AQUA_M-T,Brasil,MARANHÃO,COLINAS,Cerrado,0.0,0.04,0.75,94.1,-5.97998,-44.41856
2025/10/20 18:17:00,AQUA_M-T,Brasil,MARANHÃO,SÍTIO NOVO,Cerrado,0.0,0.2,0.64,46.1,-6.3615,-46.49796
2025/10/20 18:17:00,AQUA_M-T,Brasil,MARANHÃO,CAROLINA,Cerrado,3.0,1.89,0.32,10.3,-7.14216,-47.56393
2025/10/20 18:17:00,AQUA_M-T,Brasil,MARANHÃO,SÍTIO NOVO,Cerrado,1.0,0.97,0.6,25.7,-6.20988,-46.52307
2025/10/20 18:17:00,AQUA_M-T,Brasil,MARANHÃO,SÍTIO NOVO,Cerrado,0.0,0.4,1.0,35.2,-5.75249,-46.48235
2025/10/20 18:17:00,AQUA_M-T,Brasil,MARANHÃO,LAGO DA PEDRA,Cerrado,7.0,0.06,0.98,13.0,-4.96068,-45.12834
2025/10/20 18:17:00,AQUA_M-T,Brasil,MARANHÃO,FEIRA NOVA DO MARANHÃO,Cerrado,5.0,6.33,0.22,27.6,-6.94957,-46.71738
2025/10/20 18:17:00,AQUA_M-T,Brasil,MARANHÃO,SÍTIO NOVO,Cerrado,0.0,0.2,0.62,17.2,-6.36312,-46.50855
2025/10/20 18:17:00,AQUA_M-T,Brasil,MARANHÃO,FEIRA NOVA DO MARANHÃO,Cerrado,5.0,6.25,0.8,165.4,-6.95111,-46.72745
2025/10/20 18:17:00,AQUA_M-T,Brasil,MARANHÃO,BURITI BRAVO,Cerrado,0.0,0.0,1.0,58.2,-5.70746,-43.6615
2025/10/20 18:17:00,AQUA_M-T,Brasil,MARANHÃO,BURITICUPU,Amazônia,9.0,2.79,0.99,20.0,-4.56579,-46.44416
2025/10/20 18:17:00,AQUA_M-T,Brasil,MARANHÃO,SÍTIO NOVO,Cerrado,6.0,0.2,0.32,16.3,-6.51153,-46.68073
2025/10/20 18:17:00,AQUA_M-T,Brasil,MARANHÃO,VILA NOVA DOS MARTÍRIOS,Amazônia,0.0,0.0,0.91,118.7,-5.22477,-48.0208
2025/10/20 18:17:00,AQUA_M-T,Brasil,MARANHÃO,BURITIRANA,Cerrado,0.0,0.0,1.0,11.0,-5.56474,-47.01805
2025/10/20 18:17:00,AQUA_M-T,Brasil,MARANHÃO,PORTO FRANCO,Cerrado,0.0,0.3,0.54,14.2,-6.43829,-47.17193
2025/10/20 18:17:00,AQUA_M-T,Brasil,MARANHÃO,AÇAILÂNDIA,Amazônia,8.0,0.55,1.0,18.7,-4.57966,-47.09043
2025/10/20 18:17:00,AQUA_M-T,Brasil,MARANHÃO,CAROLINA,Cerrado,4.0,11.25,0.07,22.5,-7.43963,-47.38911
2025/10/20 18:17:00,AQUA_M-T,Brasil,MARANHÃO,SANTA LUZIA,Amazônia,16.0,0.69,1.0,86.1,-4.46749,-46.06109
2025/10/20 18:17:00,AQUA_M-T,Brasil,MARANHÃO,FORMOSA DA SERRA NEGRA,Cerrado,0.0,0.44,0.26,27.7,-6.53381,-46.41617
2025/10/20 18:17:00,AQUA_M-T,Brasil,MARANHÃO,AMARANTE DO MARANHÃO,Cerrado,1.0,0.1,1.0,7.3,-5.41565,-46.82776
2025/10/20 18:17:00,AQUA_M-T,Brasil,MARANHÃO,PORTO FRANCO,Cerrado,1.0,0.1,1.0,24.9,-6.34814,-47.13599
2025/10/20 18:17:00,AQUA_M-T,Brasil,MARANHÃO,SENADOR LA ROCQUE,Amazônia,5.0,0.0,0.96,7.2,-5.41402,-47.24637
2025/10/20 18:17:00,AQUA_M-T,Brasil,MARANHÃO,ESTREITO,Cerrado,3.0,1.89,0.7,11.5,-6.88199,-47.36747
2025/10/20 18:17:00,AQUA_M-T,Brasil,MARANHÃO,CIDELÂNDIA,Amazônia,5.0,0.24,1.0,64.2,-5.00861,-47.93377
2025/10/20 18:17:00,AQUA_M-T,Brasil,MARANHÃO,SÍTIO NOVO,Cerrado,0.0,0.22,0.62,54.7,-6.35358,-46.50996
2025/10/20 18:17:00,AQUA_M-T,Brasil,MARANHÃO,SÍTIO NOVO,Cerrado,0.0,0.0,0.35,16.0,-6.04377,-46.71022
2025/10/20 18:17:00,AQUA_M-T,Brasil,MARANHÃO,ARAME,Amazônia,7.0,2.08,1.0,105.0,-4.92537,-45.70702
2025/10/20 18:17:00,AQUA_M-T,Brasil,MARANHÃO,BOM JESUS DAS SELVAS,Amazônia,8.0,3.27,0.84,9.8,-4.60065,-46.52264
2025/10/20 18:17:00,AQUA_M-T,Brasil,MARANHÃO,AÇAILÂNDIA,Amazônia,6.0,0.3,1.0,14.5,-4.94722,-47.70991
2025/10/20 18:17:00,AQUA_M-T,Brasil,MARANHÃO,AÇAILÂNDIA,Amazônia,8.0,5.06,1.0,12.3,-4.82658,-47.08679
2025/10/20 18:17:00,AQUA_M-T,Brasil,MARANHÃO,SÍTIO NOVO,Cerrado,6.0,0.2,0.36,12.6,-6.49268,-46.68358
2025/10/20 18:17:00,AQUA_M-T,Brasil,MARANHÃO,CIDELÂNDIA,Amazônia,5.0,0.32,1.0,17.9,-5.04266,-47.85223
2025/10/20 18:17:00,AQUA_M-T,Brasil,MARANHÃO,SÍTIO NOVO,Cerrado,2.0,0.57,1.0,10.0,-6.58164,-46.47363
2025/10/20 18:17:00,AQUA_M-T,Brasil,MARANHÃO,BOM JARDIM,Amazônia,67.0,0.5,1.0,18.6,-4.17793,-46.71868
2025/10/20 18:17:00,AQUA_M-T,Brasil,MARANHÃO,SÃO RAIMUNDO DAS MANGABEIRAS,Cerrado,4.0,3.82,0.49,12.4,-7.13265,-45.50949
2025/10/20 18:17:00,AQUA_M-T,Brasil,MARANHÃO,SÍTIO NOVO,Cerrado,0.0,0.23,0.63,123.8,-6.35195,-46.49939
2025/10/20 18:17:00,AQUA_M-T,Brasil,MARANHÃO,SÃO PEDRO DOS CRENTES,Cerrado,5.0,2.12,0.74,10.2,-6.76023,-46.56112
2025/10/20 18:19:00,AQUA_M-T,Brasil,MARANHÃO,SÃO JOÃO DO CARÚ,Amazônia,21.0,0.55,1.0,16.9,-3.54989,-46.3631
2025/10/20 18:19:00,AQUA_M-T,Brasil,MARANHÃO,MARANHÃOZINHO,Amazônia,9.0,2.36,1.0,17.1,-2.25643,-45.86988
2025/10/20 18:19:00,AQUA_M-T,Brasil,MARANHÃO,SÃO JOÃO DO CARÚ,Amazônia,23.0,0.43,1.0,24.5,-3.55833,-46.35612
2025/10/22 17:54:00,AQUA_M-T,Brasil,MARANHÃO,ALTO PARNAÍBA,Cerrado,0.0,0.5,0.33,9.8,-9.38203,-46.40195
2025/10/22 17:54:00,AQUA_M-T,Brasil,MARANHÃO,ALTO PARNAÍBA,Cerrado,0.0,0.5,0.34,25.1,-9.38362,-46.41356
2025/10/22 17:56:00,AQUA_M-T,Brasil,MARANHÃO,HUMBERTO DE CAMPOS,Cerrado,-999.0,0.05,0.67,10.3,-2.36761,-43.5652
2025/10/22 17:56:00,AQUA_M-T,Brasil,MARANHÃO,RIACHÃO,Cerrado,0.0,0.0,0.48,29.5,-7.33516,-46.91518
2025/10/22 17:56:00,AQUA_M-T,Brasil,MARANHÃO,CAXIAS,Cerrado,0.0,0.0,0.8,8.6,-4.96081,-43.04761
2025/10/22 17:56:00,AQUA_M-T,Brasil,MARANHÃO,ALDEIAS ALTAS,Cerrado,0.0,0.0,0.31,18.1,-4.45368,-43.55161
2025/10/22 17:56:00,AQUA_M-T,Brasil,MARANHÃO,AFONSO CUNHA,Cerrado,1.0,0.0,0.93,10.6,-4.21586,-43.25389
2025/10/22 17:56:00,AQUA_M-T,Brasil,MARANHÃO,LORETO,Cerrado,1.0,0.0,0.93,26.8,-6.83225,-45.30301
2025/10/22 17:56:00,AQUA_M-T,Brasil,MARANHÃO,PARNARAMA,Caatinga,0.0,0.1,0.43,24.9,-5.89815,-43.20161
2025/10/22 17:56:00,AQUA_M-T,Brasil,MARANHÃO,ARAIOSES,Cerrado,-999.0,0.0,0.96,10.3,-2.92052,-42.00406
2025/10/22 17:56:00,AQUA_M-T,Brasil,MARANHÃO,TURIAÇU,Amazônia,1.0,0.0,0.92,13.1,-1.77723,-45.278
2025/10/22 17:56:00,AQUA_M-T,Brasil,MARANHÃO,FEIRA NOVA DO MARANHÃO,Cerrado,0.0,0.35,0.45,8.3,-7.09869,-46.61152
2025/10/22 17:56:00,AQUA_M-T,Brasil,MARANHÃO,GRAJAÚ,Cerrado,0.0,0.59,0.1,17.8,-6.10698,-46.24797
2025/10/22 17:56:00,AQUA_M-T,Brasil,MARANHÃO,CHAPADINHA,Cerrado,0.0,0.0,0.72,37.6,-3.99484,-43.32315
2025/10/22 17:56:00,AQUA_M-T,Brasil,MARANHÃO,AMARANTE DO MARANHÃO,Cerrado,0.0,0.16,0.05,7.3,-5.62089,-46.81356
2025/10/22 17:56:00,AQUA_M-T,Brasil,MARANHÃO,TURIAÇU,Amazônia,1.0,0.0,0.96,7.0,-1.77852,-45.28678
2025/10/22 17:56:00,AQUA_M-T,Brasil,MARANHÃO,NOVA COLINAS,Cerrado,0.0,0.64,0.49,9.3,-7.08907,-46.19371
2025/10/22 17:56:00,AQUA_M-T,Brasil,MARANHÃO,COELHO NETO,Cerrado,23.0,0.0,1.0,28.9,-4.30016,-43.13371
2025/10/22 17:56:00,AQUA_M-T,Brasil,MARANHÃO,COELHO NETO,Cerrado,21.0,0.3,1.0,19.6,-4.17694,-42.99171
2025/10/22 17:56:00,AQUA_M-T,Brasil,MARANHÃO,BURITI,Cerrado,15.0,0.51,1.0,7.4,-4.02644,-42.9141
2025/10/22 17:56:00,AQUA_M-T,Brasil,MARANHÃO,FEIRA NOVA DO MARANHÃO,Cerrado,0.0,0.0,0.42,22.1,-7.17822,-46.66191
2025/10/22 17:56:00,AQUA_M-T,Brasil,MARANHÃO,ARAGUANÃ,Amazônia,65.0,1.9,1.0,18.1,-3.05774,-45.69404
2025/10/22 17:56:00,AQUA_M-T,Brasil,MARANHÃO,FORTALEZA DOS NOGUEIRAS,Cerrado,0.0,0.0,0.36,14.8,-6.86231,-46.23831
2025/10/22 17:56:00,AQUA_M-T,Brasil,MARANHÃO,RIACHÃO,Cerrado,2.0,0.0,0.86,8.6,-7.65758,-46.87504
2025/10/22 17:56:00,AQUA_M-T,Brasil,MARANHÃO,LORETO,Cerrado,1.0,0.0,0.97,19.4,-6.84133,-45.30162
2025/10/22 17:56:00,AQUA_M-T,Brasil,MARANHÃO,ANAPURUS,Cerrado,1.0,0.0,1.0,11.1,-3.63398,-43.00688
2025/10/22 17:56:00,AQUA_M-T,Brasil,MARANHÃO,COROATÁ,Cerrado,6.0,2.67,0.16,10.7,-4.22065,-44.2376
2025/10/22 17:56:00,AQUA_M-T,Brasil,MARANHÃO,BALSAS,Cerrado,0.0,0.44,0.41,10.5,-7.44092,-45.82853
2025/10/22 17:56:00,AQUA_M-T,Brasil,MARANHÃO,CHAPADINHA,Cerrado,8.0,0.0,0.9,34.2,-3.81189,-43.58102
2025/10/22 17:56:00,AQUA_M-T,Brasil,MARANHÃO,SANTANA DO MARANHÃO,Cerrado,24.0,0.0,1.0,114.8,-3.20343,-42.47014
2025/10/22 17:56:00,AQUA_M-T,Brasil,MARANHÃO,BOM JESUS DAS SELVAS,Amazônia,0.0,0.0,0.71,11.9,-4.4633,-46.80172
2025/10/22 17:56:00,AQUA_M-T,Brasil,MARANHÃO,FORTALEZA DOS NOGUEIRAS,Cerrado,0.0,0.0,0.36,77.9,-6.86083,-46.22776
2025/10/22 17:56:00,AQUA_M-T,Brasil,MARANHÃO,CHAPADINHA,Cerrado,9.0,0.2,0.92,11.4,-3.71031,-43.3385
2025/10/22 17:56:00,AQUA_M-T,Brasil,MARANHÃO,BARREIRINHAS,Cerrado,55.0,0.0,0.99,9.7,-2.87396,-42.74025
2025/10/22 17:56:00,AQUA_M-T,Brasil,MARANHÃO,ARAGUANÃ,Amazônia,66.0,1.94,1.0,8.6,-3.05641,-45.68493
2025/10/22 17:56:00,AQUA_M-T,Brasil,MARANHÃO,ARAIOSES,Cerrado,-999.0,0.0,0.96,6.6,-2.92207,-42.01437
2025/10/22 17:56:00,AQUA_M-T,Brasil,MARANHÃO,SATUBINHA,Amazônia,7.0,1.4,1.0,11.3,-3.87811,-45.23618
2025/10/22 17:56:00,AQUA_M-T,Brasil,MARANHÃO,ITAPECURU MIRIM,Cerrado,2.0,0.1,0.84,40.6,-3.33568,-44.17325
2025/10/22 17:56:00,AQUA_M-T,Brasil,MARANHÃO,SÃO JOÃO DOS PATOS,Cerrado,0.0,0.0,1.0,15.6,-6.65196,-43.60688
2025/10/22 17:56:00,AQUA_M-T,Brasil,MARANHÃO,CAXIAS,Cerrado,19.0,0.0,0.97,957.5,-4.49385,-43.00916
2025/10/22 17:56:00,AQUA_M-T,Brasil,MARANHÃO,MATA ROMA,Cerrado,2.0,0.4,0.87,23.6,-3.75643,-43.20548
2025/10/22 17:56:00,AQUA_M-T,Brasil,MARANHÃO,COELHO NETO,Cerrado,23.0,0.3,1.0,14.1,-4.19482,-42.98904
2025/10/22 17:56:00,AQUA_M-T,Brasil,MARANHÃO,CHAPADINHA,Cerrado,7.0,0.4,0.88,47.6,-3.71884,-43.27287
2025/10/22 17:56:00,AQUA_M-T,Brasil,MARANHÃO,ALTAMIRA DO MARANHÃO,Amazônia,0.0,0.0,0.55,6.7,-4.20651,-45.53115
2025/10/22 17:56:00,AQUA_M-T,Brasil,MARANHÃO,BENEDITO LEITE,Cerrado,1.0,0.0,1.0,16.1,-7.08023,-44.64761
2025/10/22 17:56:00,AQUA_M-T,Brasil,MARANHÃO,CODÓ,Cerrado,0.0,0.09,0.67,242.4,-4.32612,-43.43151
2025/10/22 17:56:00,AQUA_M-T,Brasil,MARANHÃO,RIACHÃO,Cerrado,0.0,0.0,0.48,34.7,-7.33679,-46.92688
2025/10/22 17:56:00,AQUA_M-T,Brasil,MARANHÃO,COROATÁ,Cerrado,6.0,2.82,0.15,35.3,-4.22942,-44.2363
2025/10/22 17:56:00,AQUA_M-T,Brasil,MARANHÃO,LORETO,Cerrado,2.0,0.0,0.92,17.2,-7.0769,-45.21143
2025/10/22 17:56:00,AQUA_M-T,Brasil,MARANHÃO,BENEDITO LEITE,Cerrado,1.0,0.01,0.99,10.9,-7.07894,-44.63854
2025/10/22 17:56:00,AQUA_M-T,Brasil,MARANHÃO,ALTAMIRA DO MARANHÃO,Amazônia,0.0,0.0,1.0,15.6,-4.20785,-45.54033
2025/10/22 17:56:00,AQUA_M-T,Brasil,MARANHÃO,MAGALHÃES DE ALMEIDA,Cerrado,52.0,0.0,1.0,46.8,-3.27071,-42.23235
2025/10/22 17:56:00,AQUA_M-T,Brasil,MARANHÃO,VARGEM GRANDE,Cerrado,0.0,0.0,0.85,8.1,-3.79183,-43.77101
2025/10/22 17:56:00,AQUA_M-T,Brasil,MARANHÃO,AFONSO CUNHA,Cerrado,0.0,0.0,0.94,29.2,-4.15254,-43.32396
2025/10/22 17:56:00,AQUA_M-T,Brasil,MARANHÃO,LORETO,Cerrado,2.0,0.1,0.7,9.4,-7.17464,-45.18107
2025/10/22 17:56:00,AQUA_M-T,Brasil,MARANHÃO,RIACHÃO,Cerrado,2.0,0.0,0.79,41.3,-7.70447,-46.92325
2025/10/22 17:56:00,AQUA_M-T,Brasil,MARANHÃO,MAGALHÃES DE ALMEIDA,Cerrado,59.0,0.0,1.0,31.0,-3.25992,-42.22383
2025/10/22 17:56:00,AQUA_M-T,Brasil,MARANHÃO,SATUBINHA,Amazônia,7.0,1.4,1.0,35.1,-3.8768,-45.22721
2025/10/22 17:56:00,AQUA_M-T,Brasil,MARANHÃO,CHAPADINHA,Cerrado,56.0,0.22,0.93,6.5,-3.66235,-43.45193
2025/10/22 17:56:00,AQUA_M-T,Brasil,MARANHÃO,FORMOSA DA SERRA NEGRA,Cerrado,0.0,0.08,0.87,20.2,-6.86309,-46.31376
2025/10/22 17:56:00,AQUA_M-T,Brasil,MARANHÃO,RIACHÃO,Cerrado,2.0,0.0,0.37,19.7,-7.75051,-46.66029
2025/10/22 17:56:00,AQUA_M-T,Brasil,MARANHÃO,COELHO NETO,Cerrado,24.0,0.2,1.0,31.0,-4.20512,-42.99681
2025/10/22 17:56:00,AQUA_M-T,Brasil,MARANHÃO,RIACHÃO,Cerrado,2.0,0.0,0.53,11.9,-7.64387,-46.7054
2025/10/22 17:56:00,AQUA_M-T,Brasil,MARANHÃO,CHAPADINHA,Cerrado,7.0,0.4,0.88,10.6,-3.71752,-43.26387
2025/10/22 17:56:00,AQUA_M-T,Brasil,MARANHÃO,BURITI,Cerrado,19.0,0.0,1.0,13.3,-3.84125,-42.97308
2025/10/22 17:56:00,AQUA_M-T,Brasil,MARANHÃO,CAROLINA,Cerrado,0.0,0.0,0.47,26.8,-7.28629,-46.92747
2025/10/22 17:56:00,AQUA_M-T,Brasil,MARANHÃO,CHAPADINHA,Cerrado,0.0,0.0,0.71,8.2,-4.17061,-43.38515
2025/10/22 17:56:00,AQUA_M-T,Brasil,MARANHÃO,BARREIRINHAS,Cerrado,57.0,0.0,0.95,8.9,-2.86483,-42.74162
2025/10/22 17:56:00,AQUA_M-T,Brasil,MARANHÃO,LORETO,Cerrado,2.0,0.1,0.66,24.0,-7.1733,-45.17166
2025/10/22 17:56:00,AQUA_M-T,Brasil,MARANHÃO,BOM JARDIM,Amazônia,0.0,0.0,1.0,28.1,-4.19639,-46.80515
2025/10/22 17:56:00,AQUA_M-T,Brasil,MARANHÃO,COELHO NETO,Cerrado,21.0,0.3,1.0,57.3,-4.18452,-42.98123
2025/10/22 17:56:00,AQUA_M-T,Brasil,MARANHÃO,PIRAPEMAS,Cerrado,7.0,2.85,0.2,389.1,-3.87075,-44.16449
2025/10/22 17:56:00,AQUA_M-T,Brasil,MARANHÃO,COELHO NETO,Cerrado,22.0,0.29,1.0,59.9,-4.18588,-42.99038
2025/10/22 17:56:00,AQUA_M-T,Brasil,MARANHÃO,BOM JESUS DAS SELVAS,Amazônia,0.0,0.0,0.12,4.9,-4.83693,-46.76651
2025/10/22 17:56:00,AQUA_M-T,Brasil,MARANHÃO,COELHO NETO,Cerrado,21.0,0.0,1.0,43.8,-4.30149,-43.14273
2025/10/22 17:56:00,AQUA_M-T,Brasil,MARANHÃO,GRAJAÚ,Cerrado,0.0,0.5,0.33,15.1,-6.10554,-46.23769
2025/10/22 17:56:00,AQUA_M-T,Brasil,MARANHÃO,SÃO LUÍS,Amazônia,-999.0,0.1,-999.0,7.4,-2.60774,-44.24945
2025/10/22 17:56:00,AQUA_M-T,Brasil,MARANHÃO,COELHO NETO,Cerrado,29.0,0.0,1.0,41.5,-4.20561,-43.06188
2025/10/22 17:56:00,AQUA_M-T,Brasil,MARANHÃO,FEIRA NOVA DO MARANHÃO,Cerrado,0.0,0.0,0.36,30.2,-7.17695,-46.66871
2025/10/22 17:56:00,AQUA_M-T,Brasil,MARANHÃO,COROATÁ,Cerrado,4.0,1.63,1.0,35.1,-4.09383,-44.1818
2025/10/22 17:56:00,AQUA_M-T,Brasil,MARANHÃO,CHAPADINHA,Cerrado,3.0,0.2,0.89,13.9,-3.79472,-43.21823
2025/10/22 17:56:00,AQUA_M-T,Brasil,MARANHÃO,BURITICUPU,Amazônia,0.0,0.0,0.85,10.6,-4.56008,-46.43515
2025/10/22 17:56:00,AQUA_M-T,Brasil,MARANHÃO,MATÕES DO NORTE,Cerrado,3.0,1.3,0.87,33.0,-3.90907,-44.42647
2025/10/22 17:56:00,AQUA_M-T,Brasil,MARANHÃO,AFONSO CUNHA,Cerrado,8.0,0.0,0.96,8.5,-4.29704,-43.23525
2025/10/22 17:56:00,AQUA_M-T,Brasil,MARANHÃO,SÍTIO NOVO,Cerrado,3.0,1.0,0.26,18.4,-6.80309,-46.46991
2025/10/22 17:56:00,AQUA_M-T,Brasil,MARANHÃO,LORETO,Cerrado,2.0,0.0,0.95,6.5,-7.07825,-45.22092
2025/10/22 17:56:00,AQUA_M-T,Brasil,MARANHÃO,LORETO,Cerrado,2.0,0.0,0.88,14.2,-6.98113,-45.1828
2025/10/22 17:56:00,AQUA_M-T,Brasil,MARANHÃO,SATUBINHA,Amazônia,8.0,2.18,1.0,10.0,-3.81602,-45.26097
2025/10/22 17:56:00,AQUA_M-T,Brasil,MARANHÃO,CAXIAS,Cerrado,19.0,0.0,0.97,151.4,-4.49519,-43.01825
2025/10/22 17:56:00,AQUA_M-T,Brasil,MARANHÃO,COROATÁ,Cerrado,7.0,2.92,0.19,11.3,-3.86947,-44.15575
2025/10/22 17:56:00,AQUA_M-T,Brasil,MARANHÃO,RIACHÃO,Cerrado,2.0,0.0,0.52,14.2,-7.53473,-46.66299
2025/10/22 17:56:00,AQUA_M-T,Brasil,MARANHÃO,PIRAPEMAS,Cerrado,7.0,2.82,0.32,124.1,-3.87952,-44.16319
2025/10/22 17:56:00,AQUA_M-T,Brasil,MARANHÃO,BOM JESUS DAS SELVAS,Amazônia,0.0,0.0,1.0,9.2,-4.55254,-46.58166
2025/10/22 17:56:00,AQUA_M-T,Brasil,MARANHÃO,NOVA COLINAS,Cerrado,2.0,0.99,0.47,17.9,-7.16592,-46.21922
2025/10/22 17:56:00,AQUA_M-T,Brasil,MARANHÃO,AFONSO CUNHA,Cerrado,0.0,0.0,0.91,103.3,-4.15122,-43.31502
2025/10/22 17:56:00,AQUA_M-T,Brasil,MARANHÃO,COROATÁ,Cerrado,4.0,1.52,0.76,33.7,-3.85772,-44.0146
2025/10/22 17:56:00,AQUA_M-T,Brasil,MARANHÃO,VARGEM GRANDE,Cerrado,0.0,0.01,0.89,14.2,-3.76568,-43.83777
2025/10/22 17:56:00,AQUA_M-T,Brasil,MARANHÃO,CAROLINA,Cerrado,0.0,0.1,0.04,18.5,-7.09648,-47.41118
2025/10/22 17:56:00,AQUA_M-T,Brasil,MARANHÃO,CHAPADINHA,Cerrado,0.0,0.0,0.63,13.4,-4.01188,-43.43922
2025/10/22 17:56:00,AQUA_M-T,Brasil,MARANHÃO,BURITI,Cerrado,16.0,0.47,1.0,19.1,-4.02779,-42.92327
2025/10/22 17:56:00,AQUA_M-T,Brasil,MARANHÃO,PAULO RAMOS,Amazônia,0.0,0.0,0.53,10.2,-4.43839,-45.46913
2025/10/22 17:56:00,AQUA_M-T,Brasil,MARANHÃO,SANTANA DO MARANHÃO,Cerrado,29.0,0.0,1.0,18.2,-3.19421,-42.4715
2025/10/22 17:56:00,AQUA_M-T,Brasil,MARANHÃO,CIDELÂNDIA,Amazônia,0.0,0.0,0.28,13.0,-5.19277,-47.75128
2025/10/22 17:56:00,AQUA_M-T,Brasil,MARANHÃO,BOM JARDIM,Amazônia,0.0,0.0,1.0,11.0,-4.19788,-46.81556
2025/10/22 17:56:00,AQUA_M-T,Brasil,MARANHÃO,CODÓ,Cerrado,0.0,0.08,0.65,104.8,-4.32744,-43.4404
2025/10/22 17:56:00,AQUA_M-T,Brasil,MARANHÃO,SÃO FRANCISCO DO MARANHÃO,Cerrado,0.0,0.0,0.94,12.8,-6.33476,-43.0869
2025/10/22 17:56:00,AQUA_M-T,Brasil,MARANHÃO,LORETO,Cerrado,2.0,0.0,0.9,17.5,-6.98247,-45.19219
2025/10/22 17:56:00,AQUA_M-T,Brasil,MARANHÃO,SATUBINHA,Amazônia,8.0,2.28,0.44,16.6,-3.81471,-45.25201
2025/10/22 17:56:00,AQUA_M-T,Brasil,MARANHÃO,HUMBERTO DE CAMPOS,Cerrado,-999.0,0.0,0.67,9.5,-2.36629,-43.55621
2025/10/22 17:56:00,AQUA_M-T,Brasil,MARANHÃO,CAXIAS,Cerrado,19.0,0.0,0.98,14.8,-4.48492,-43.01047
2025/10/24 17:34:00,AQUA_M-T,Brasil,MARANHÃO,PAULO RAMOS,Amazônia,3.0,0.0,0.88,134.3,-4.46119,-45.47481
2025/10/24 17:34:00,AQUA_M-T,Brasil,MARANHÃO,LORETO,Cerrado,4.0,0.0,1.0,49.4,-7.12326,-45.21967
2025/10/24 17:34:00,AQUA_M-T,Brasil,MARANHÃO,VARGEM GRANDE,Cerrado,2.0,0.75,0.79,72.8,-3.76146,-43.99154
2025/10/24 17:34:00,AQUA_M-T,Brasil,MARANHÃO,CAXIAS,Cerrado,3.0,0.0,0.99,60.5,-4.90465,-43.21936
2025/10/24 17:34:00,AQUA_M-T,Brasil,MARANHÃO,AÇAILÂNDIA,Amazônia,3.0,0.0,0.09,69.1,-4.87246,-47.03062
2025/10/24 17:34:00,AQUA_M-T,Brasil,MARANHÃO,LORETO,Cerrado,2.0,0.0,1.0,30.5,-7.38703,-45.1444
2025/10/24 17:34:00,AQUA_M-T,Brasil,MARANHÃO,POÇÃO DE PEDRAS,Cerrado,3.0,0.0,1.0,25.8,-4.82292,-44.6799
2025/10/24 17:34:00,AQUA_M-T,Brasil,MARANHÃO,ALTO PARNAÍBA,Cerrado,3.0,0.0,1.0,30.1,-9.39365,-46.28402
2025/10/24 17:34:00,AQUA_M-T,Brasil,MARANHÃO,FORTALEZA DOS NOGUEIRAS,Cerrado,2.0,0.0,0.86,49.6,-6.81917,-46.10656
2025/10/24 17:34:00,AQUA_M-T,Brasil,MARANHÃO,VARGEM GRANDE,Cerrado,2.0,0.5,0.96,17.0,-3.80001,-43.7786
2025/10/24 17:34:00,AQUA_M-T,Brasil,MARANHÃO,ALTO PARNAÍBA,Cerrado,3.0,0.0,1.0,30.5,-9.4933,-45.99739
2025/10/24 17:34:00,AQUA_M-T,Brasil,MARANHÃO,PIRAPEMAS,Cerrado,0.0,2.12,1.0,32.3,-3.82356,-44.02352
2025/10/24 17:34:00,AQUA_M-T,Brasil,MARANHÃO,COLINAS,Cerrado,3.0,0.0,0.8,46.0,-6.23982,-44.04219
2025/10/24 17:34:00,AQUA_M-T,Brasil,MARANHÃO,AFONSO CUNHA,Cerrado,11.0,0.0,1.0,20.9,-4.30693,-43.23221
2025/10/24 17:34:00,AQUA_M-T,Brasil,MARANHÃO,CAROLINA,Cerrado,3.0,0.0,0.9,43.9,-7.60046,-47.30583
2025/10/24 17:34:00,AQUA_M-T,Brasil,MARANHÃO,RIACHÃO,Cerrado,4.0,0.0,0.8,68.0,-7.69611,-46.67146
2025/10/24 17:34:00,AQUA_M-T,Brasil,MARANHÃO,PERITORÓ,Cerrado,2.0,0.0,0.75,61.8,-4.44691,-44.13671
2025/10/24 17:34:00,AQUA_M-T,Brasil,MARANHÃO,PERITORÓ,Cerrado,2.0,0.0,0.75,37.6,-4.43758,-44.12652
2025/10/24 17:34:00,AQUA_M-T,Brasil,MARANHÃO,VARGEM GRANDE,Cerrado,3.0,0.6,1.0,52.0,-3.89323,-43.79063
2025/10/24 17:34:00,AQUA_M-T,Brasil,MARANHÃO,FORTALEZA DOS NOGUEIRAS,Cerrado,3.0,0.0,0.86,37.1,-6.81586,-46.11391
2025/10/24 17:34:00,AQUA_M-T,Brasil,MARANHÃO,ALTO PARNAÍBA,Cerrado,3.0,0.0,0.7,93.2,-9.04937,-46.08367
2025/10/24 17:34:00,AQUA_M-T,Brasil,MARANHÃO,BURITICUPU,Amazônia,3.0,0.0,1.0,47.0,-4.31003,-46.26274
2025/10/24 17:34:00,AQUA_M-T,Brasil,MARANHÃO,RIACHÃO,Cerrado,4.0,0.0,0.72,74.5,-7.42015,-46.63993
2025/10/24 17:34:00,AQUA_M-T,Brasil,MARANHÃO,CAROLINA,Cerrado,3.0,0.0,0.78,51.0,-7.15591,-47.05861
2025/10/24 17:34:00,AQUA_M-T,Brasil,MARANHÃO,TIMBIRAS,Cerrado,3.0,0.1,1.0,85.3,-4.00331,-43.75296
2025/10/24 17:34:00,AQUA_M-T,Brasil,MARANHÃO,PAULO RAMOS,Amazônia,3.0,0.0,0.87,65.0,-4.45097,-45.48112
2025/10/24 17:34:00,AQUA_M-T,Brasil,MARANHÃO,ALTO PARNAÍBA,Cerrado,3.0,0.0,0.74,138.0,-9.04582,-46.05593
2025/10/24 17:34:00,AQUA_M-T,Brasil,MARANHÃO,COROATÁ,Cerrado,2.0,0.0,0.62,27.8,-4.2517,-44.22695
2025/10/24 17:34:00,AQUA_M-T,Brasil,MARANHÃO,COROATÁ,Cerrado,2.0,0.0,0.61,27.9,-4.25685,-44.23107
2025/10/24 17:34:00,AQUA_M-T,Brasil,MARANHÃO,RIACHÃO,Cerrado,4.0,0.2,0.38,40.3,-8.20493,-46.48289
2025/10/24 17:34:00,AQUA_M-T,Brasil,MARANHÃO,CHAPADINHA,Cerrado,3.0,0.67,0.97,21.4,-3.81232,-43.30569
2025/10/24 17:34:00,AQUA_M-T,Brasil,MARANHÃO,PAULO RAMOS,Amazônia,3.0,0.0,0.87,198.7,-4.45838,-45.45446
2025/10/24 17:34:00,AQUA_M-T,Brasil,MARANHÃO,BOM JESUS DAS SELVAS,Amazônia,3.0,0.0,1.0,35.5,-4.7612,-46.88117
2025/10/24 17:34:00,AQUA_M-T,Brasil,MARANHÃO,SÃO PEDRO DOS CRENTES,Cerrado,2.0,0.0,0.94,56.8,-6.90114,-46.39226
2025/10/24 17:34:00,AQUA_M-T,Brasil,MARANHÃO,BURITICUPU,Amazônia,3.0,0.0,1.0,50.7,-4.31336,-46.28673
2025/10/24 17:34:00,AQUA_M-T,Brasil,MARANHÃO,LORETO,Cerrado,4.0,0.0,1.0,25.0,-7.12626,-45.24181
2025/10/24 17:34:00,AQUA_M-T,Brasil,MARANHÃO,RIACHÃO,Cerrado,4.0,0.0,0.9,137.1,-7.42402,-46.66884
2025/10/24 17:34:00,AQUA_M-T,Brasil,MARANHÃO,TIMBIRAS,Cerrado,4.0,0.1,1.0,50.6,-4.00218,-43.74791
2025/10/24 17:34:00,AQUA_M-T,Brasil,MARANHÃO,PIRAPEMAS,Cerrado,1.0,2.03,1.0,19.0,-3.82134,-44.00795
2025/10/24 17:34:00,AQUA_M-T,Brasil,MARANHÃO,AMARANTE DO MARANHÃO,Amazônia,3.0,0.0,1.0,26.5,-4.86109,-46.02576
2025/10/24 17:34:00,AQUA_M-T,Brasil,MARANHÃO,TIMBIRAS,Cerrado,3.0,0.1,1.0,87.1,-4.00424,-43.76284
2025/10/24 17:34:00,AQUA_M-T,Brasil,MARANHÃO,AÇAILÂNDIA,Amazônia,3.0,0.0,0.06,41.4,-4.95449,-47.07034
2025/10/24 17:34:00,AQUA_M-T,Brasil,MARANHÃO,PAULO RAMOS,Amazônia,3.0,0.0,0.86,122.2,-4.44814,-45.4769
2025/10/24 17:34:00,AQUA_M-T,Brasil,MARANHÃO,VARGEM GRANDE,Cerrado,2.0,1.02,0.76,21.6,-3.97044,-43.92719
2025/10/24 17:34:00,AQUA_M-T,Brasil,MARANHÃO,VARGEM GRANDE,Cerrado,2.0,0.69,0.81,33.7,-3.75974,-43.98485
2025/10/24 17:34:00,AQUA_M-T,Brasil,MARANHÃO,AMARANTE DO MARANHÃO,Amazônia,3.0,0.0,0.84,44.5,-4.98631,-46.75496
2025/10/24 17:34:00,AQUA_M-T,Brasil,MARANHÃO,GRAJAÚ,Cerrado,3.0,0.0,1.0,246.1,-6.19135,-45.9796
2025/10/24 17:34:00,AQUA_M-T,Brasil,MARANHÃO,SÍTIO NOVO,Cerrado,3.0,0.0,0.44,55.3,-6.43081,-46.51588
2025/10/24 17:34:00,AQUA_M-T,Brasil,MARANHÃO,RIACHÃO,Cerrado,4.0,0.0,0.81,48.8,-7.69893,-46.67542
2025/10/24 17:34:00,AQUA_M-T,Brasil,MARANHÃO,CHAPADINHA,Cerrado,2.0,0.32,0.85,83.8,-4.0348,-43.41759
2025/10/24 17:34:00,AQUA_M-T,Brasil,MARANHÃO,RIACHÃO,Cerrado,4.0,0.0,0.53,169.4,-7.42243,-46.66214
2025/10/24 17:34:00,AQUA_M-T,Brasil,MARANHÃO,SÃO LUÍS GONZAGA DO MARANHÃO,Cerrado,3.0,0.0,1.0,43.3,-4.33663,-44.48962
2025/10/24 17:34:00,AQUA_M-T,Brasil,MARANHÃO,CAROLINA,Cerrado,3.0,0.0,0.91,36.4,-7.60908,-47.30062
2025/10/24 17:34:00,AQUA_M-T,Brasil,MARANHÃO,VARGEM GRANDE,Cerrado,3.0,0.52,1.0,200.0,-3.89109,-43.77576
2025/10/24 17:34:00,AQUA_M-T,Brasil,MARANHÃO,SANTA LUZIA,Amazônia,3.0,0.0,1.0,48.7,-4.26703,-46.05402
2025/10/24 17:34:00,AQUA_M-T,Brasil,MARANHÃO,BREJO,Cerrado,16.0,0.0,1.0,27.0,-3.79939,-42.79217
2025/10/24 17:34:00,AQUA_M-T,Brasil,MARANHÃO,CAXIAS,Cerrado,3.0,0.0,0.84,12.7,-4.85688,-42.95978
2025/10/24 17:34:00,AQUA_M-T,Brasil,MARANHÃO,TIMBIRAS,Cerrado,3.0,0.1,1.0,16.5,-3.99422,-43.76952
2025/10/24 17:34:00,AQUA_M-T,Brasil,MARANHÃO,CAXIAS,Cerrado,3.0,0.0,1.0,285.7,-4.90665,-43.23345
2025/10/24 17:34:00,AQUA_M-T,Brasil,MARANHÃO,AÇAILÂNDIA,Amazônia,3.0,0.0,0.76,159.5,-4.87646,-47.05985
2025/10/24 17:34:00,AQUA_M-T,Brasil,MARANHÃO,CAXIAS,Cerrado,3.0,0.0,1.0,41.8,-4.89369,-43.22084
2025/10/24 17:34:00,AQUA_M-T,Brasil,MARANHÃO,CHAPADINHA,Cerrado,2.0,0.27,0.87,68.2,-4.03685,-43.43176
2025/10/24 17:34:00,AQUA_M-T,Brasil,MARANHÃO,SÃO PEDRO DOS CRENTES,Cerrado,2.0,0.0,0.83,111.8,-6.89749,-46.36491
2025/10/24 17:37:00,AQUA_M-T,Brasil,MARANHÃO,SANTA LUZIA,Amazônia,1.0,0.91,1.0,37.1,-3.99334,-45.77197
2025/10/24 17:37:00,AQUA_M-T,Brasil,MARANHÃO,PIRAPEMAS,Cerrado,2.0,0.1,0.92,38.8,-3.70993,-44.20771
2025/10/24 17:37:00,AQUA_M-T,Brasil,MARANHÃO,CHAPADINHA,Cerrado,59.0,0.0,1.0,23.2,-3.66037,-43.45238
2025/10/24 17:37:00,AQUA_M-T,Brasil,MARANHÃO,NINA RODRIGUES,Cerrado,4.0,0.0,1.0,51.9,-3.47368,-43.98764
2025/10/24 17:37:00,AQUA_M-T,Brasil,MARANHÃO,SÃO BERNARDO,Cerrado,5.0,0.0,0.95,13.6,-3.31506,-42.3406
2025/10/24 17:37:00,AQUA_M-T,Brasil,MARANHÃO,CANTANHEDE,Cerrado,2.0,0.1,0.93,146.9,-3.70008,-44.19783
2025/10/24 17:37:00,AQUA_M-T,Brasil,MARANHÃO,SANTA RITA,Amazônia,3.0,0.0,0.98,14.2,-3.22831,-44.12857
2025/10/24 17:37:00,AQUA_M-T,Brasil,MARANHÃO,BARREIRINHAS,Cerrado,53.0,0.0,1.0,17.9,-2.94248,-43.0924
2025/10/24 17:37:00,AQUA_M-T,Brasil,MARANHÃO,PIRAPEMAS,Cerrado,2.0,0.1,0.76,22.0,-3.7448,-44.20269
2025/10/24 17:37:00,AQUA_M-T,Brasil,MARANHÃO,CANTANHEDE,Cerrado,3.0,0.1,0.95,33.5,-3.69607,-44.19322
2025/10/24 17:37:00,AQUA_M-T,Brasil,MARANHÃO,PINHEIRO,Amazônia,2.0,0.0,0.61,25.7,-2.73547,-45.23139
2025/10/24 17:37:00,AQUA_M-T,Brasil,MARANHÃO,SANTA LUZIA,Amazônia,2.0,0.76,0.68,74.8,-3.99643,-45.79365
2025/10/24 17:37:00,AQUA_M-T,Brasil,MARANHÃO,PALMEIRÂNDIA,Amazônia,3.0,0.0,0.99,30.6,-2.63473,-44.88011
2025/10/24 17:37:00,AQUA_M-T,Brasil,MARANHÃO,SÃO JOÃO DO CARÚ,Amazônia,1.0,0.0,1.0,45.2,-3.4317,-46.32674
2025/10/24 17:37:00,AQUA_M-T,Brasil,MARANHÃO,BARREIRINHAS,Cerrado,53.0,0.0,1.0,36.5,-2.94064,-43.07962
2025/10/24 17:37:00,AQUA_M-T,Brasil,MARANHÃO,MONÇÃO,Amazônia,2.0,0.0,0.9,192.2,-3.58186,-45.19246
2025/10/24 17:37:00,AQUA_M-T,Brasil,MARANHÃO,PAULINO NEVES,Cerrado,16.0,0.0,1.0,8.9,-2.94561,-42.62101
2025/10/24 17:37:00,AQUA_M-T,Brasil,MARANHÃO,NINA RODRIGUES,Cerrado,5.0,0.0,1.0,31.0,-3.48303,-43.98121
2025/10/24 17:37:00,AQUA_M-T,Brasil,MARANHÃO,ARAIOSES,Cerrado,36.0,0.0,1.0,11.1,-3.19819,-42.03035
2025/10/24 17:37:00,AQUA_M-T,Brasil,MARANHÃO,NINA RODRIGUES,Cerrado,3.0,0.0,1.0,20.5,-3.43525,-43.96217
2025/10/24 17:37:00,AQUA_M-T,Brasil,MARANHÃO,ARAIOSES,Cerrado,41.0,0.0,1.0,21.0,-3.18842,-42.03174
2025/10/24 17:37:00,AQUA_M-T,Brasil,MARANHÃO,SANTA RITA,Amazônia,3.0,0.0,0.99,16.2,-3.23025,-44.1351
2025/10/24 17:37:00,AQUA_M-T,Brasil,MARANHÃO,URBANO SANTOS,Cerrado,53.0,0.0,1.0,22.5,-3.16078,-43.32969
2025/10/24 17:37:00,AQUA_M-T,Brasil,MARANHÃO,MONÇÃO,Amazônia,2.0,0.0,0.98,79.1,-3.58336,-45.18558
2025/10/25 18:11:00,AQUA_M-T,Brasil,MARANHÃO,ALTO PARNAÍBA,Cerrado,,,,7.9,-9.26021,-46.39161
2025/10/25 18:11:00,AQUA_M-T,Brasil,MARANHÃO,ALTO PARNAÍBA,Cerrado,,,,41.2,-9.26156,-46.40063
2025/10/25 18:11:00,AQUA_M-T,Brasil,MARANHÃO,ALTO PARNAÍBA,Cerrado,,,,27.3,-9.33876,-46.11072
2025/10/25 18:11:00,AQUA_M-T,Brasil,MARANHÃO,ALTO PARNAÍBA,Cerrado,,,,12.6,-9.10727,-46.48326
2025/10/25 18:11:00,AQUA_M-T,Brasil,MARANHÃO,ALTO PARNAÍBA,Cerrado,,,,18.8,-9.50842,-45.82795
2025/10/25 18:11:00,AQUA_M-T,Brasil,MARANHÃO,ALTO PARNAÍBA,Cerrado,,,,21.7,-9.17829,-46.33543
2025/10/25 18:11:00,AQUA_M-T,Brasil,MARANHÃO,ALTO PARNAÍBA,Cerrado,,,,19.5,-9.10858,-45.92994
2025/10/25 18:11:00,AQUA_M-T,Brasil,MARANHÃO,ALTO PARNAÍBA,Cerrado,,,,42.5,-9.17965,-46.34457
2025/10/25 18:11:00,AQUA_M-T,Brasil,MARANHÃO,ALTO PARNAÍBA,Cerrado,,,,18.0,-9.35097,-46.31527
2025/10/25 18:11:00,AQUA_M-T,Brasil,MARANHÃO,ALTO PARNAÍBA,Cerrado,,,,30.4,-9.51888,-45.83596
2025/10/25 18:11:00,AQUA_M-T,Brasil,MARANHÃO,ALTO PARNAÍBA,Cerrado,,,,10.3,-9.10861,-46.49231
2025/10/25 18:11:00,AQUA_M-T,Brasil,MARANHÃO,ALTO PARNAÍBA,Cerrado,,,,11.3,-9.26484,-46.48351
2025/10/25 18:11:00,AQUA_M-T,Brasil,MARANHÃO,ALTO PARNAÍBA,Cerrado,,,,24.5,-9.20898,-46.3531
2025/10/25 18:13:00,AQUA_M-T,Brasil,MARANHÃO,SÃO FÉLIX DE BALSAS,Cerrado,,,,11.0,-7.24266,-44.97907
2025/10/25 18:13:00,AQUA_M-T,Brasil,MARANHÃO,LAJEADO NOVO,Cerrado,,,,24.4,-6.16343,-46.81203
2025/10/25 18:13:00,AQUA_M-T,Brasil,MARANHÃO,LAJEADO NOVO,Cerrado,,,,16.7,-6.17239,-46.81071
2025/10/25 18:13:00,AQUA_M-T,Brasil,MARANHÃO,ZÉ DOCA,Amazônia,,,,30.7,-3.24231,-45.9468
2025/10/25 18:13:00,AQUA_M-T,Brasil,MARANHÃO,COELHO NETO,Cerrado,,,,57.5,-4.1792,-43.12684
2025/10/25 18:13:00,AQUA_M-T,Brasil,MARANHÃO,FEIRA NOVA DO MARANHÃO,Cerrado,,,,13.6,-6.94766,-46.42979
2025/10/25 18:13:00,AQUA_M-T,Brasil,MARANHÃO,PAULO RAMOS,Amazônia,,,,220.3,-4.5319,-45.31178
2025/10/25 18:13:00,AQUA_M-T,Brasil,MARANHÃO,AMARANTE DO MARANHÃO,Amazônia,,,,8.1,-5.05392,-46.55774
2025/10/25 18:13:00,AQUA_M-T,Brasil,MARANHÃO,BOM JESUS DAS SELVAS,Amazônia,,,,7.7,-4.54107,-46.71097
2025/10/25 18:13:00,AQUA_M-T,Brasil,MARANHÃO,BARRA DO CORDA,Cerrado,,,,62.3,-5.28791,-44.8896
2025/10/25 18:13:00,AQUA_M-T,Brasil,MARANHÃO,SÃO RAIMUNDO DAS MANGABEIRAS,Cerrado,,,,7.6,-7.00243,-45.50365
2025/10/25 18:13:00,AQUA_M-T,Brasil,MARANHÃO,COROATÁ,Cerrado,,,,41.6,-4.32816,-44.17113
2025/10/25 18:13:00,AQUA_M-T,Brasil,MARANHÃO,BOM JESUS DAS SELVAS,Amazônia,,,,6.1,-4.54915,-46.70309
2025/10/25 18:13:00,AQUA_M-T,Brasil,MARANHÃO,CAROLINA,Cerrado,,,,13.2,-7.42036,-47.36675
2025/10/25 18:13:00,AQUA_M-T,Brasil,MARANHÃO,FORTALEZA DOS NOGUEIRAS,Cerrado,,,,13.6,-6.79743,-46.11123
2025/10/25 18:13:00,AQUA_M-T,Brasil,MARANHÃO,AÇAILÂNDIA,Amazônia,,,,8.9,-4.59448,-47.07465
2025/10/25 18:13:00,AQUA_M-T,Brasil,MARANHÃO,SÃO FÉLIX DE BALSAS,Cerrado,,,,31.2,-6.92831,-44.88449
2025/10/25 18:13:00,AQUA_M-T,Brasil,MARANHÃO,CIDELÂNDIA,Amazônia,,,,10.9,-5.19738,-47.83553
2025/10/25 18:13:00,AQUA_M-T,Brasil,MARANHÃO,BOM JESUS DAS SELVAS,Amazônia,,,,10.6,-4.55059,-46.71258
2025/10/25 18:13:00,AQUA_M-T,Brasil,MARANHÃO,SÃO JOÃO DO CARÚ,Amazônia,,,,14.1,-3.50714,-46.34941
2025/10/25 18:13:00,AQUA_M-T,Brasil,MARANHÃO,TUNTUM,Cerrado,,,,16.7,-5.74353,-44.78235
2025/10/25 18:13:00,AQUA_M-T,Brasil,MARANHÃO,BURITI BRAVO,Cerrado,,,,25.8,-5.77204,-43.88947
2025/10/25 18:13:00,AQUA_M-T,Brasil,MARANHÃO,BARRA DO CORDA,Cerrado,,,,12.5,-5.23259,-45.06284
2025/10/25 18:13:00,AQUA_M-T,Brasil,MARANHÃO,SÃO FÉLIX DE BALSAS,Cerrado,,,,14.0,-6.94673,-44.86459
2025/10/25 18:13:00,AQUA_M-T,Brasil,MARANHÃO,FEIRA NOVA DO MARANHÃO,Cerrado,,,,20.2,-6.94625,-46.42039
2025/10/25 18:13:00,AQUA_M-T,Brasil,MARANHÃO,LAGOA GRANDE DO MARANHÃO,Cerrado,,,,11.4,-5.01609,-45.26547
2025/10/25 18:13:00,AQUA_M-T,Brasil,MARANHÃO,GRAJAÚ,Cerrado,,,,20.7,-6.19282,-45.71574
2025/10/25 18:13:00,AQUA_M-T,Brasil,MARANHÃO,SÃO JOÃO DO PARAÍSO,Cerrado,,,,9.7,-6.2356,-46.67235
2025/10/25 18:13:00,AQUA_M-T,Brasil,MARANHÃO,BARRA DO CORDA,Cerrado,,,,9.5,-5.28631,-44.88427
2025/10/25 18:13:00,AQUA_M-T,Brasil,MARANHÃO,AMARANTE DO MARANHÃO,Cerrado,,,,42.2,-5.53675,-46.51567
2025/10/25 18:13:00,AQUA_M-T,Brasil,MARANHÃO,SÃO FÉLIX DE BALSAS,Cerrado,,,,20.5,-7.25233,-44.97753
2025/10/25 18:13:00,AQUA_M-T,Brasil,MARANHÃO,SÃO JOÃO DOS PATOS,Cerrado,,,,29.5,-6.5327,-43.57422
2025/10/25 18:13:00,AQUA_M-T,Brasil,MARANHÃO,CAROLINA,Cerrado,,,,15.6,-7.14036,-47.04675
2025/10/25 18:13:00,AQUA_M-T,Brasil,MARANHÃO,FORTALEZA DOS NOGUEIRAS,Cerrado,,,,53.9,-7.03261,-46.07298
2025/10/25 18:13:00,AQUA_M-T,Brasil,MARANHÃO,MIRADOR,Cerrado,,,,11.4,-6.34488,-44.95555
2025/10/25 18:13:00,AQUA_M-T,Brasil,MARANHÃO,CAXIAS,Cerrado,,,,133.4,-4.89967,-43.23271
2025/10/25 18:13:00,AQUA_M-T,Brasil,MARANHÃO,IGARAPÉ DO MEIO,Amazônia,,,,43.6,-3.6652,-45.0865
2025/10/25 18:13:00,AQUA_M-T,Brasil,MARANHÃO,SÍTIO NOVO,Cerrado,,,,18.5,-5.97641,-46.54969
2025/10/25 18:13:00,AQUA_M-T,Brasil,MARANHÃO,ALTO ALEGRE DO PINDARÉ,Amazônia,,,,8.1,-3.777,-46.10246
2025/10/25 18:13:00,AQUA_M-T,Brasil,MARANHÃO,PAULO RAMOS,Amazônia,,,,379.8,-4.47623,-45.29251
2025/10/25 18:13:00,AQUA_M-T,Brasil,MARANHÃO,RIACHÃO,Cerrado,,,,9.9,-7.56916,-47.12378
2025/10/25 18:13:00,AQUA_M-T,Brasil,MARANHÃO,CIDELÂNDIA,Amazônia,,,,6.2,-5.19867,-47.84433
2025/10/25 18:13:00,AQUA_M-T,Brasil,MARANHÃO,CAROLINA,Cerrado,,,,6.9,-7.46856,-47.20568
2025/10/25 18:13:00,AQUA_M-T,Brasil,MARANHÃO,FEIRA NOVA DO MARANHÃO,Cerrado,,,,66.5,-7.02379,-46.75663
2025/10/25 18:13:00,AQUA_M-T,Brasil,MARANHÃO,SÃO FÉLIX DE BALSAS,Cerrado,,,,68.6,-6.94452,-44.85913
2025/10/25 18:13:00,AQUA_M-T,Brasil,MARANHÃO,CODÓ,Cerrado,,,,179.5,-4.23535,-43.48017
2025/10/25 18:13:00,AQUA_M-T,Brasil,MARANHÃO,CAROLINA,Cerrado,,,,11.1,-7.44248,-47.27302
2025/10/25 18:13:00,AQUA_M-T,Brasil,MARANHÃO,BOM JARDIM,Amazônia,,,,20.9,-3.52553,-46.04672
2025/10/25 18:13:00,AQUA_M-T,Brasil,MARANHÃO,ALDEIAS ALTAS,Cerrado,,,,51.6,-4.24739,-43.40853
2025/10/25 18:13:00,AQUA_M-T,Brasil,MARANHÃO,MIRADOR,Cerrado,,,,14.0,-6.60055,-44.689
2025/10/25 18:13:00,AQUA_M-T,Brasil,MARANHÃO,FEIRA NOVA DO MARANHÃO,Cerrado,,,,170.3,-6.96913,-46.51192
2025/10/25 18:13:00,AQUA_M-T,Brasil,MARANHÃO,NOVA COLINAS,Cerrado,,,,12.7,-7.1334,-46.31274
2025/10/25 18:13:00,AQUA_M-T,Brasil,MARANHÃO,SÍTIO NOVO,Cerrado,,,,53.1,-6.38401,-46.55227
2025/10/25 18:13:00,AQUA_M-T,Brasil,MARANHÃO,PAULO RAMOS,Amazônia,,,,120.4,-4.4861,-45.29097
2025/10/25 18:13:00,AQUA_M-T,Brasil,MARANHÃO,BALSAS,Cerrado,,,,79.0,-7.57926,-46.27117
2025/10/25 18:13:00,AQUA_M-T,Brasil,MARANHÃO,SÍTIO NOVO,Cerrado,,,,27.3,-6.38261,-46.54299
2025/10/25 18:13:00,AQUA_M-T,Brasil,MARANHÃO,BOM JARDIM,Amazônia,,,,10.3,-3.51584,-45.8536
2025/10/25 18:13:00,AQUA_M-T,Brasil,MARANHÃO,AMARANTE DO MARANHÃO,Amazônia,,,,13.2,-5.08813,-46.7263
2025/10/25 18:13:00,AQUA_M-T,Brasil,MARANHÃO,BOM JESUS DAS SELVAS,Amazônia,,,,14.9,-4.73249,-46.75676
2025/10/25 18:13:00,AQUA_M-T,Brasil,MARANHÃO,RIACHÃO,Cerrado,,,,14.3,-7.36238,-46.67128
2025/10/25 18:13:00,AQUA_M-T,Brasil,MARANHÃO,PAULO RAMOS,Amazônia,,,,10.4,-4.52033,-45.30213
2025/10/25 18:13:00,AQUA_M-T,Brasil,MARANHÃO,SAMBAÍBA,Cerrado,,,,16.8,-7.20491,-45.36506
2025/10/25 18:13:00,AQUA_M-T,Brasil,MARANHÃO,RIACHÃO,Cerrado,,,,79.5,-7.36103,-46.66219
2025/10/25 18:13:00,AQUA_M-T,Brasil,MARANHÃO,PERITORÓ,Cerrado,,,,15.8,-4.27177,-44.30278
2025/10/25 18:13:00,AQUA_M-T,Brasil,MARANHÃO,SÃO FÉLIX DE BALSAS,Cerrado,,,,12.3,-6.98417,-44.84733
2025/10/25 18:13:00,AQUA_M-T,Brasil,MARANHÃO,ALTO ALEGRE DO PINDARÉ,Amazônia,,,,8.0,-3.67685,-45.76194
2025/10/25 18:13:00,AQUA_M-T,Brasil,MARANHÃO,IGARAPÉ DO MEIO,Amazônia,,,,23.2,-3.66703,-45.0984
2025/10/25 18:13:00,AQUA_M-T,Brasil,MARANHÃO,BARÃO DE GRAJAÚ,Cerrado,,,,16.2,-6.5243,-43.30057
2025/10/25 18:13:00,AQUA_M-T,Brasil,MARANHÃO,SÃO FÉLIX DE BALSAS,Cerrado,,,,26.2,-7.25069,-44.96695
2025/10/25 18:13:00,AQUA_M-T,Brasil,MARANHÃO,ITINGA DO MARANHÃO,Amazônia,,,,5.8,-4.62033,-47.31288
2025/10/25 18:13:00,AQUA_M-T,Brasil,MARANHÃO,CAROLINA,Cerrado,,,,7.0,-7.46823,-47.14218
2025/10/25 18:13:00,AQUA_M-T,Brasil,MARANHÃO,AMARANTE DO MARANHÃO,Amazônia,,,,11.9,-5.05253,-46.54831
2025/10/25 18:13:00,AQUA_M-T,Brasil,MARANHÃO,ESTREITO,Cerrado,,,,31.4,-6.87733,-47.07698
2025/10/25 18:13:00,AQUA_M-T,Brasil,MARANHÃO,SÃO RAIMUNDO DAS MANGABEIRAS,Cerrado,,,,26.8,-6.80361,-45.4107
2025/10/25 18:13:00,AQUA_M-T,Brasil,MARANHÃO,RIACHÃO,Cerrado,,,,9.1,-7.52945,-46.73561
2025/10/25 18:13:00,AQUA_M-T,Brasil,MARANHÃO,VITORINO FREIRE,Amazônia,,,,30.4,-4.26104,-45.29149
2025/10/25 18:13:00,AQUA_M-T,Brasil,MARANHÃO,BOM JARDIM,Amazônia,,,,16.3,-3.51331,-46.066
2025/10/25 18:13:00,AQUA_M-T,Brasil,MARANHÃO,SANTA LUZIA,Amazônia,,,,27.0,-4.62621,-46.03471
2025/10/25 18:13:00,AQUA_M-T,Brasil,MARANHÃO,ESPERANTINÓPOLIS,Cerrado,,,,7.7,-4.84902,-44.83762
2025/10/25 18:13:00,AQUA_M-T,Brasil,MARANHÃO,PASTOS BONS,Cerrado,,,,23.0,-6.55489,-43.92763
2025/10/25 18:13:00,AQUA_M-T,Brasil,MARANHÃO,SÃO JOÃO DO PARAÍSO,Cerrado,,,,18.4,-6.23699,-46.68159
2025/10/25 18:13:00,AQUA_M-T,Brasil,MARANHÃO,CAROLINA,Cerrado,,,,75.5,-7.13904,-47.03782
2025/10/25 18:13:00,AQUA_M-T,Brasil,MARANHÃO,CODÓ,Cerrado,,,,330.0,-4.23429,-43.47364
2025/10/25 18:13:00,AQUA_M-T,Brasil,MARANHÃO,SÍTIO NOVO,Cerrado,,,,59.2,-6.39442,-46.56017
2025/10/25 18:13:00,AQUA_M-T,Brasil,MARANHÃO,PAULO RAMOS,Amazônia,,,,185.4,-4.5302,-45.30064
2025/10/25 18:13:00,AQUA_M-T,Brasil,MARANHÃO,BURITI BRAVO,Cerrado,,,,16.3,-5.77,-43.87599
2025/10/25 18:13:00,AQUA_M-T,Brasil,MARANHÃO,BOM JESUS DAS SELVAS,Amazônia,,,,7.8,-4.81349,-46.73819
2025/10/25 18:13:00,AQUA_M-T,Brasil,MARANHÃO,IGARAPÉ GRANDE,Cerrado,,,,10.9,-4.47892,-44.83253
2025/10/25 18:13:00,AQUA_M-T,Brasil,MARANHÃO,BOM LUGAR,Amazônia,,,,15.5,-4.463,-45.0001
2025/10/25 18:13:00,AQUA_M-T,Brasil,MARANHÃO,LAJEADO NOVO,Cerrado,,,,35.3,-6.09002,-46.99641
2025/10/25 18:13:00,AQUA_M-T,Brasil,MARANHÃO,TASSO FRAGOSO,Cerrado,,,,9.1,-7.93983,-45.6554
2025/10/25 18:13:00,AQUA_M-T,Brasil,MARANHÃO,BARRA DO CORDA,Cerrado,,,,21.5,-5.31737,-45.22237
2025/10/25 18:13:00,AQUA_M-T,Brasil,MARANHÃO,ITINGA DO MARANHÃO,Amazônia,,,,25.3,-4.11895,-47.28824
2025/10/25 18:13:00,AQUA_M-T,Brasil,MARANHÃO,COROATÁ,Cerrado,,,,129.4,-4.32611,-44.15755
2025/10/25 18:13:00,AQUA_M-T,Brasil,MARANHÃO,BOM JESUS DAS SELVAS,Amazônia,,,,37.3,-4.73664,-46.72069
2025/10/25 18:13:00,AQUA_M-T,Brasil,MARANHÃO,BALSAS,Cerrado,,,,15.0,-7.34771,-46.14552
2025/10/25 18:13:00,AQUA_M-T,Brasil,MARANHÃO,SÍTIO NOVO,Cerrado,,,,10.2,-5.83607,-46.59578
2025/10/25 18:13:00,AQUA_M-T,Brasil,MARANHÃO,SAMBAÍBA,Cerrado,,,,9.5,-7.1308,-45.38718
2025/10/25 18:13:00,AQUA_M-T,Brasil,MARANHÃO,BURITICUPU,Amazônia,,,,13.1,-4.45398,-46.43928
2025/10/25 18:13:00,AQUA_M-T,Brasil,MARANHÃO,SÃO RAIMUNDO DAS MANGABEIRAS,Cerrado,,,,19.2,-6.80517,-45.42101
2025/10/25 18:13:00,AQUA_M-T,Brasil,MARANHÃO,GRAJAÚ,Cerrado,,,,14.8,-5.92086,-45.68158
2025/10/25 18:13:00,AQUA_M-T,Brasil,MARANHÃO,FEIRA NOVA DO MARANHÃO,Cerrado,,,,32.7,-7.01487,-46.758
2025/10/25 18:13:00,AQUA_M-T,Brasil,MARANHÃO,ALTAMIRA DO MARANHÃO,Amazônia,,,,49.7,-4.23886,-45.55093
2025/10/25 18:13:00,AQUA_M-T,Brasil,MARANHÃO,COLINAS,Cerrado,,,,36.9,-6.23963,-44.06789
2025/10/25 18:13:00,AQUA_M-T,Brasil,MARANHÃO,FEIRA NOVA DO MARANHÃO,Cerrado,,,,22.6,-7.12934,-46.65374
2025/10/25 18:13:00,AQUA_M-T,Brasil,MARANHÃO,GRAJAÚ,Cerrado,,,,25.4,-6.00151,-46.02896
2025/10/25 18:13:00,AQUA_M-T,Brasil,MARANHÃO,SÃO FÉLIX DE BALSAS,Cerrado,,,,9.8,-7.37207,-45.03088
2025/10/25 18:13:00,AQUA_M-T,Brasil,MARANHÃO,ALTAMIRA DO MARANHÃO,Amazônia,,,,207.6,-4.22911,-45.55238
2025/10/25 18:13:00,AQUA_M-T,Brasil,MARANHÃO,LAGO DO JUNCO,Cerrado,,,,15.4,-4.49095,-44.843
2025/10/25 18:13:00,AQUA_M-T,Brasil,MARANHÃO,ALTAMIRA DO MARANHÃO,Amazônia,,,,144.3,-4.22746,-45.54143
2025/10/25 18:13:00,AQUA_M-T,Brasil,MARANHÃO,BOM JESUS DAS SELVAS,Amazônia,,,,16.2,-4.47672,-46.77847
2025/10/25 18:13:00,AQUA_M-T,Brasil,MARANHÃO,RIACHÃO,Cerrado,,,,14.7,-7.52056,-46.73696
2025/10/25 18:13:00,AQUA_M-T,Brasil,MARANHÃO,FORTUNA,Cerrado,,,,18.8,-5.64073,-43.91538
2025/10/25 18:13:00,AQUA_M-T,Brasil,MARANHÃO,TASSO FRAGOSO,Cerrado,,,,14.0,-7.88352,-45.71127
2025/10/25 18:13:00,AQUA_M-T,Brasil,MARANHÃO,CAROLINA,Cerrado,,,,7.7,-7.01707,-47.34132
2025/10/25 18:13:00,AQUA_M-T,Brasil,MARANHÃO,CAXIAS,Cerrado,,,,141.3,-4.91113,-43.23088
2025/10/25 18:13:00,AQUA_M-T,Brasil,MARANHÃO,CAROLINA,Cerrado,,,,30.2,-7.13771,-47.02887
2025/10/25 18:13:00,AQUA_M-T,Brasil,MARANHÃO,COROATÁ,Cerrado,,,,20.9,-3.86531,-44.00392
2025/10/25 18:13:00,AQUA_M-T,Brasil,MARANHÃO,SÃO RAIMUNDO DAS MANGABEIRAS,Cerrado,,,,14.6,-7.04375,-45.7141
2025/10/25 18:13:00,AQUA_M-T,Brasil,MARANHÃO,PAULO RAMOS,Cerrado,,,,55.5,-4.55239,-45.4453
2025/10/25 18:13:00,AQUA_M-T,Brasil,MARANHÃO,BARÃO DE GRAJAÚ,Cerrado,,,,29.2,-6.52646,-43.30961
2025/10/25 18:13:00,AQUA_M-T,Brasil,MARANHÃO,SÍTIO NOVO,Cerrado,,,,10.5,-6.52556,-46.51537
2025/10/25 18:13:00,AQUA_M-T,Brasil,MARANHÃO,MIRADOR,Cerrado,,,,77.1,-6.59032,-45.77473
2025/10/25 18:13:00,AQUA_M-T,Brasil,MARANHÃO,ARAME,Amazônia,,,,36.1,-5.11314,-46.15978
2025/10/25 18:13:00,AQUA_M-T,Brasil,MARANHÃO,CODÓ,Cerrado,,,,9.9,-4.67572,-44.17495
2025/10/25 18:13:00,AQUA_M-T,Brasil,MARANHÃO,COELHO NETO,Cerrado,,,,18.8,-4.18302,-43.13317
2025/10/25 18:13:00,AQUA_M-T,Brasil,MARANHÃO,SÃO RAIMUNDO DAS MANGABEIRAS,Cerrado,,,,10.2,-7.04525,-45.72411
2025/10/25 18:13:00,AQUA_M-T,Brasil,MARANHÃO,FORMOSA DA SERRA NEGRA,Cerrado,,,,7.7,-6.44688,-46.42206
2025/10/25 18:13:00,AQUA_M-T,Brasil,MARANHÃO,GRAJAÚ,Cerrado,,,,76.7,-5.9224,-45.69179
2025/10/25 18:13:00,AQUA_M-T,Brasil,MARANHÃO,SÃO FÉLIX DE BALSAS,Cerrado,,,,27.3,-6.93472,-44.86065
2025/10/25 18:13:00,AQUA_M-T,Brasil,MARANHÃO,CODÓ,Cerrado,,,,156.3,-4.23306,-43.46501
2025/10/25 18:13:00,AQUA_M-T,Brasil,MARANHÃO,BOM JESUS DAS SELVAS,Amazônia,,,,9.9,-4.80645,-46.81591
2025/10/25 18:13:00,AQUA_M-T,Brasil,MARANHÃO,CAROLINA,Cerrado,,,,18.4,-7.21973,-46.95489
2025/10/25 18:13:00,AQUA_M-T,Brasil,MARANHÃO,SÃO JOÃO DO CARÚ,Amazônia,,,,9.3,-3.53484,-46.40684
2025/10/25 18:13:00,AQUA_M-T,Brasil,MARANHÃO,ALDEIAS ALTAS,Cerrado,,,,26.4,-4.68229,-43.24714
2025/10/25 18:13:00,AQUA_M-T,Brasil,MARANHÃO,LORETO,Cerrado,,,,9.4,-7.19799,-45.03678
2025/10/25 18:13:00,AQUA_M-T,Brasil,MARANHÃO,SÍTIO NOVO,Cerrado,,,,8.8,-5.8196,-46.73812
2025/10/25 18:13:00,AQUA_M-T,Brasil,MARANHÃO,SÍTIO NOVO,Cerrado,,,,9.4,-5.84511,-46.59441
2025/10/25 18:13:00,AQUA_M-T,Brasil,MARANHÃO,BARRA DO CORDA,Cerrado,,,,189.3,-5.29814,-44.89436
2025/10/25 18:13:00,AQUA_M-T,Brasil,MARANHÃO,COROATÁ,Cerrado,,,,42.4,-3.86812,-44.01226
2025/10/25 18:13:00,AQUA_M-T,Brasil,MARANHÃO,BACABAL,Cerrado,,,,12.2,-4.20954,-44.67953
2025/10/25 18:13:00,AQUA_M-T,Brasil,MARANHÃO,CHAPADINHA,Cerrado,,,,64.2,-4.20557,-43.43761
2025/10/25 18:13:00,AQUA_M-T,Brasil,MARANHÃO,SAMBAÍBA,Cerrado,,,,22.7,-7.6801,-45.45955
2025/10/25 18:13:00,AQUA_M-T,Brasil,MARANHÃO,BOM JESUS DAS SELVAS,Amazônia,,,,7.9,-4.73805,-46.73007
2025/10/25 18:13:00,AQUA_M-T,Brasil,MARANHÃO,LAJEADO NOVO,Cerrado,,,,11.6,-6.09893,-46.99508
2025/10/25 18:13:00,AQUA_M-T,Brasil,MARANHÃO,CAROLINA,Cerrado,,,,12.3,-7.28437,-47.45365
2025/10/25 18:13:00,AQUA_M-T,Brasil,MARANHÃO,PAULO RAMOS,Amazônia,,,,19.8,-4.52205,-45.31326
2025/10/25 18:13:00,AQUA_M-T,Brasil,MARANHÃO,SÃO JOÃO DO PARAÍSO,Cerrado,,,,108.8,-6.24598,-46.68029
2025/10/25 18:13:00,AQUA_M-T,Brasil,MARANHÃO,AMARANTE DO MARANHÃO,Cerrado,,,,34.9,-5.53532,-46.50623
2025/10/25 18:13:00,AQUA_M-T,Brasil,MARANHÃO,BOM JARDIM,Amazônia,,,,26.5,-3.51423,-45.84291
2025/10/25 18:13:00,AQUA_M-T,Brasil,MARANHÃO,FORMOSA DA SERRA NEGRA,Cerrado,,,,23.3,-6.6383,-46.15733
2025/10/25 18:13:00,AQUA_M-T,Brasil,MARANHÃO,MIRADOR,Cerrado,,,,96.8,-6.27901,-44.39351
2025/10/25 18:13:00,AQUA_M-T,Brasil,MARANHÃO,BARRA DO CORDA,Cerrado,,,,14.8,-5.25241,-45.05976
2025/10/25 18:13:00,AQUA_M-T,Brasil,MARANHÃO,GRAJAÚ,Cerrado,,,,14.4,-5.97029,-45.53078
2025/10/25 18:13:00,AQUA_M-T,Brasil,MARANHÃO,ESTREITO,Cerrado,,,,8.1,-6.87865,-47.08591
2025/10/25 18:13:00,AQUA_M-T,Brasil,MARANHÃO,BOM JARDIM,Amazônia,,,,28.1,-4.17061,-46.7036
2025/10/25 18:13:00,AQUA_M-T,Brasil,MARANHÃO,SÍTIO NOVO,Cerrado,,,,8.9,-6.47564,-46.55144
2025/10/25 18:13:00,AQUA_M-T,Brasil,MARANHÃO,FEIRA NOVA DO MARANHÃO,Cerrado,,,,23.5,-7.13072,-46.6629
2025/10/25 18:13:00,AQUA_M-T,Brasil,MARANHÃO,CAROLINA,Cerrado,,,,12.2,-7.4382,-47.18302
2025/10/25 18:13:00,AQUA_M-T,Brasil,MARANHÃO,LORETO,Cerrado,,,,15.2,-7.58495,-45.40185
2025/10/25 18:13:00,AQUA_M-T,Brasil,MARANHÃO,BOM JARDIM,Amazônia,,,,35.8,-4.16146,-46.70498
2025/10/25 18:13:00,AQUA_M-T,Brasil,MARANHÃO,LAGO DOS RODRIGUES,Cerrado,,,,19.1,-4.59411,-44.91933
2025/10/25 18:13:00,AQUA_M-T,Brasil,MARANHÃO,PARNARAMA,Cerrado,,,,104.0,-5.90927,-43.27009
2025/10/25 18:13:00,AQUA_M-T,Brasil,MARANHÃO,BURITIRANA,Cerrado,,,,23.2,-5.59271,-46.95015
2025/10/25 18:13:00,AQUA_M-T,Brasil,MARANHÃO,BALSAS,Cerrado,,,,17.5,-7.33863,-46.14696
2025/10/25 18:13:00,AQUA_M-T,Brasil,MARANHÃO,GRAJAÚ,Cerrado,,,,18.7,-6.19128,-45.70557
2025/10/25 18:13:00,AQUA_M-T,Brasil,MARANHÃO,JENIPAPO DOS VIEIRAS,Cerrado,,,,24.3,-5.23453,-45.5529
2025/10/25 18:13:00,AQUA_M-T,Brasil,MARANHÃO,BOM JARDIM,Amazônia,,,,18.9,-3.52712,-46.05714
2025/10/25 18:13:00,AQUA_M-T,Brasil,MARANHÃO,SÍTIO NOVO,Cerrado,,,,13.2,-6.0206,-46.72386
2025/10/25 18:13:00,AQUA_M-T,Brasil,MARANHÃO,SÃO JOÃO DO CARÚ,Amazônia,,,,49.6,-3.49777,-46.35083
2025/10/25 18:13:00,AQUA_M-T,Brasil,MARANHÃO,BARRA DO CORDA,Cerrado,,,,47.7,-5.28814,-44.89596
2025/10/25 18:13:00,AQUA_M-T,Brasil,MARANHÃO,COLINAS,Cerrado,,,,24.0,-6.24163,-44.08093
2025/10/25 18:13:00,AQUA_M-T,Brasil,MARANHÃO,BALSAS,Cerrado,,,,10.0,-7.6728,-46.33596
2025/10/25 18:13:00,AQUA_M-T,Brasil,MARANHÃO,BOM JESUS DAS SELVAS,Amazônia,,,,13.4,-4.81333,-46.86237
2025/10/25 18:13:00,AQUA_M-T,Brasil,MARANHÃO,SÃO JOÃO DO CARÚ,Amazônia,,,,34.5,-3.50563,-46.33935
2025/10/25 18:13:00,AQUA_M-T,Brasil,MARANHÃO,GOVERNADOR EDISON LOBÃO,Cerrado,,,,4.5,-5.69618,-47.39875
2025/10/25 18:13:00,AQUA_M-T,Brasil,MARANHÃO,COLINAS,Cerrado,,,,20.8,-6.19776,-44.07466
2025/10/25 18:13:00,AQUA_M-T,Brasil,MARANHÃO,CAROLINA,Cerrado,,,,24.2,-7.8587,-46.90681
2025/10/25 18:13:00,AQUA_M-T,Brasil,MARANHÃO,ALTO ALEGRE DO PINDARÉ,Amazônia,,,,10.9,-3.77547,-46.09217
2025/10/25 18:13:00,AQUA_M-T,Brasil,MARANHÃO,TUNTUM,Cerrado,,,,20.5,-5.74533,-44.79396
2025/10/25 18:13:00,AQUA_M-T,Brasil,MARANHÃO,AMARANTE DO MARANHÃO,Amazônia,,,,11.2,-4.93651,-46.69748
2025/10/25 18:13:00,AQUA_M-T,Brasil,MARANHÃO,NOVA COLINAS,Cerrado,,,,18.2,-7.30311,-46.27396
2025/10/25 18:13:00,AQUA_M-T,Brasil,MARANHÃO,BOM JARDIM,Amazônia,,,,8.3,-3.60947,-45.86655
2025/10/25 18:13:00,AQUA_M-T,Brasil,MARANHÃO,ALTO ALEGRE DO MARANHÃO,Cerrado,,,,62.8,-4.17893,-44.47667
2025/10/25 18:13:00,AQUA_M-T,Brasil,MARANHÃO,ESTREITO,Cerrado,,,,6.7,-6.7063,-47.16985
2025/10/25 18:13:00,AQUA_M-T,Brasil,MARANHÃO,BURITICUPU,Amazônia,,,,6.8,-4.3826,-46.38535
2025/10/25 18:13:00,AQUA_M-T,Brasil,MARANHÃO,PAULO RAMOS,Cerrado,,,,18.6,-4.54437,-45.45803
2025/10/25 18:13:00,AQUA_M-T,Brasil,MARANHÃO,LORETO,Cerrado,,,,10.3,-7.19358,-45.13623
2025/10/25 18:13:00,AQUA_M-T,Brasil,MARANHÃO,AMARANTE DO MARANHÃO,Amazônia,,,,17.4,-5.26495,-46.73527
2025/10/25 18:13:00,AQUA_M-T,Brasil,MARANHÃO,COELHO NETO,Cerrado,,,,209.8,-4.21282,-43.18812
2025/10/25 18:13:00,AQUA_M-T,Brasil,MARANHÃO,CAROLINA,Cerrado,,,,20.8,-7.43952,-47.19191
2025/10/25 18:13:00,AQUA_M-T,Brasil,MARANHÃO,SANTA QUITÉRIA DO MARANHÃO,Cerrado,,,,33.7,-3.45712,-42.57172
2025/10/25 18:13:00,AQUA_M-T,Brasil,MARANHÃO,CAROLINA,Cerrado,,,,21.5,-7.46953,-47.15107
2025/10/25 18:13:00,AQUA_M-T,Brasil,MARANHÃO,ITINGA DO MARANHÃO,Amazônia,,,,22.4,-4.11,-47.28953
2025/10/25 18:13:00,AQUA_M-T,Brasil,MARANHÃO,RIACHÃO,Cerrado,,,,6.8,-7.35967,-46.65308
2025/10/25 18:13:00,AQUA_M-T,Brasil,MARANHÃO,BARRA DO CORDA,Cerrado,,,,50.8,-5.84099,-45.28405
2025/10/25 18:13:00,AQUA_M-T,Brasil,MARANHÃO,SUCUPIRA DO NORTE,Cerrado,,,,32.5,-6.46307,-44.38961
2025/10/25 18:13:00,AQUA_M-T,Brasil,MARANHÃO,BARRA DO CORDA,Cerrado,,,,7.7,-5.83935,-45.27329
2025/10/25 18:13:00,AQUA_M-T,Brasil,MARANHÃO,ESTREITO,Cerrado,,,,25.0,-6.69481,-47.1533
2025/10/25 18:13:00,AQUA_M-T,Brasil,MARANHÃO,GRAJAÚ,Cerrado,,,,17.3,-6.00003,-46.01904
2025/10/25 18:13:00,AQUA_M-T,Brasil,MARANHÃO,PAULO RAMOS,Amazônia,,,,9.6,-4.4624,-45.46576
2025/10/25 18:13:00,AQUA_M-T,Brasil,MARANHÃO,SÃO JOÃO DO PARAÍSO,Cerrado,,,,70.2,-6.24459,-46.67099
2025/10/25 18:13:00,AQUA_M-T,Brasil,MARANHÃO,FEIRA NOVA DO MARANHÃO,Cerrado,,,,116.6,-6.97051,-46.52119
2025/10/25 18:13:00,AQUA_M-T,Brasil,MARANHÃO,AMARANTE DO MARANHÃO,Amazônia,,,,18.6,-5.01578,-46.85762
2025/10/25 18:13:00,AQUA_M-T,Brasil,MARANHÃO,BOM JESUS DAS SELVAS,Amazônia,,,,6.4,-4.73388,-46.76623
2025/10/25 18:13:00,AQUA_M-T,Brasil,MARANHÃO,JENIPAPO DOS VIEIRAS,Cerrado,,,,20.0,-5.23615,-45.56359
2025/10/25 18:13:00,AQUA_M-T,Brasil,MARANHÃO,SÍTIO NOVO,Cerrado,,,,9.4,-6.39302,-46.55089
2025/10/25 18:13:00,AQUA_M-T,Brasil,MARANHÃO,BURITICUPU,Amazônia,,,,38.2,-4.56646,-46.31553
2025/10/25 18:13:00,AQUA_M-T,Brasil,MARANHÃO,LORETO,Cerrado,,,,8.7,-7.16607,-45.08564
2025/10/25 18:13:00,AQUA_M-T,Brasil,MARANHÃO,SÃO ROBERTO,Cerrado,,,,11.9,-4.96815,-45.01738
2025/10/25 18:13:00,AQUA_M-T,Brasil,MARANHÃO,AMARANTE DO MARANHÃO,Amazônia,,,,8.3,-4.86262,-46.88695
2025/10/25 18:13:00,AQUA_M-T,Brasil,MARANHÃO,ALTO ALEGRE DO MARANHÃO,Cerrado,,,,25.0,-4.26844,-44.30909
2025/10/25 18:13:00,AQUA_M-T,Brasil,MARANHÃO,TURIAÇU,Amazônia,,,,10.3,-1.84473,-45.65874
2025/10/25 18:13:00,AQUA_M-T,Brasil,MARANHÃO,SAMBAÍBA,Cerrado,,,,30.6,-7.16544,-45.42397
2025/10/25 18:13:00,AQUA_M-T,Brasil,MARANHÃO,LAGO DA PEDRA,Cerrado,,,,11.6,-4.85678,-45.23355
2025/10/25 18:13:00,AQUA_M-T,Brasil,MARANHÃO,BALSAS,Cerrado,,,,126.1,-7.57785,-46.26178
2025/10/25 18:13:00,AQUA_M-T,Brasil,MARANHÃO,RIACHÃO,Cerrado,,,,14.1,-7.56784,-47.11489
2025/10/25 18:13:00,AQUA_M-T,Brasil,MARANHÃO,AMARANTE DO MARANHÃO,Amazônia,,,,15.7,-4.86401,-46.89622
2025/10/25 18:13:00,AQUA_M-T,Brasil,MARANHÃO,BOM JESUS DAS SELVAS,Amazônia,,,,7.0,-4.55906,-46.83345
2025/10/25 18:13:00,AQUA_M-T,Brasil,MARANHÃO,RIACHÃO,Cerrado,,,,8.0,-7.62187,-46.67876
2025/10/25 18:13:00,AQUA_M-T,Brasil,MARANHÃO,SÃO JOÃO DO CARÚ,Amazônia,,,,79.5,-3.49625,-46.34076
2025/10/25 18:13:00,AQUA_M-T,Brasil,MARANHÃO,SÃO FÉLIX DE BALSAS,Cerrado,,,,16.7,-7.24101,-44.96848
2025/10/25 18:13:00,AQUA_M-T,Brasil,MARANHÃO,BALSAS,Cerrado,,,,11.4,-7.41607,-45.98212
2025/10/25 18:13:00,AQUA_M-T,Brasil,MARANHÃO,IGARAPÉ GRANDE,Cerrado,,,,82.0,-4.48076,-44.84456
2025/10/25 18:13:00,AQUA_M-T,Brasil,MARANHÃO,CAROLINA,Cerrado,,,,31.0,-7.45975,-47.20702
2025/10/25 18:13:00,AQUA_M-T,Brasil,MARANHÃO,RIACHÃO,Cerrado,,,,17.6,-7.49859,-47.0318
2025/10/25 18:13:00,AQUA_M-T,Brasil,MARANHÃO,BOM JARDIM,Amazônia,,,,20.8,-3.52388,-45.84145
2025/10/25 18:13:00,AQUA_M-T,Brasil,MARANHÃO,PAULO RAMOS,Cerrado,,,,201.9,-4.55409,-45.45639
2025/10/25 18:13:00,AQUA_M-T,Brasil,MARANHÃO,LAJEADO NOVO,Cerrado,,,,9.5,-6.16479,-46.82116
2025/10/25 18:13:00,AQUA_M-T,Brasil,MARANHÃO,FORTALEZA DOS NOGUEIRAS,Cerrado,,,,42.4,-7.03401,-46.08237
2025/10/25 18:13:00,AQUA_M-T,Brasil,MARANHÃO,GOVERNADOR NUNES FREIRE,Amazônia,,,,17.0,-2.03716,-45.71157
2025/10/25 18:13:00,AQUA_M-T,Brasil,MARANHÃO,ALDEIAS ALTAS,Cerrado,,,,68.8,-4.3858,-43.33404
2025/10/25 18:15:00,AQUA_M-T,Brasil,MARANHÃO,LUÍS DOMINGUES,Amazônia,,,,33.8,-1.30463,-45.82293
2025/10/25 18:15:00,AQUA_M-T,Brasil,MARANHÃO,GODOFREDO VIANA,Amazônia,,,,32.4,-1.30291,-45.81143
